FeatureID,SprintID,FeatureName,FeaturePoints,AssigneeID,Description
alpha_1001,sprint_alpha_67,User Authentication,3,10012,Implement user authentication functionality using JWT tokens.
alpha_1002,sprint_alpha_67,Database Schema Design,5,10021,Design and implement the database schema for user authentication.
alpha_1003,sprint_alpha_67,Frontend UI Design,2,10077,Design the UI components for login and signup forms.
alpha_1004,sprint_alpha_68,Payment Gateway Integration,4,10036,Integrate payment gateway for processing user subscriptions.
alpha_1005,sprint_alpha_68,User Profile Management,3,10045,Implement CRUD operations for user profile management.
alpha_1006,sprint_alpha_68,Data Migration,3,10134,Migrate existing user data to the new authentication system.
alpha_1007,sprint_alpha_69,Dashboard Creation,5,10053,Develop a dashboard for administrators to monitor user activities.
alpha_1008,sprint_alpha_69,Email Notification System,2,10061,Set up email notifications for user registration and password reset.
alpha_1009,sprint_alpha_69,API Development,3,10111,Develop RESTful APIs for user authentication endpoints.
alpha_1010,sprint_alpha_70,Performance Optimization,4,10086,Optimize database queries and API response times for improved performance.
alpha_1011,sprint_alpha_70,Localization Support,3,10128,Implement multi-language support for the authentication system.
alpha_1012,sprint_alpha_70,Security Enhancement,2,10092,Enhance security measures with encryption and secure password storage.
alpha_1013,sprint_alpha_71,Backup and Recovery System,4,10104,Implement a backup system to ensure data integrity and disaster recovery.
alpha_1014,sprint_alpha_71,Analytics Dashboard Integration,3,10157,Integrate analytics dashboard for user activity tracking.
alpha_1015,sprint_alpha_71,Error Logging System,2,10142,Set up error logging system to monitor system errors and exceptions.
beta_1001,sprint_beta_72,Chat Feature Implementation,3,10166,Develop real-time chat feature for users to communicate with each other.
beta_1002,sprint_beta_72,Search Functionality Improvement,2,10189,Enhance search functionality with advanced filtering options.
beta_1003,sprint_beta_72,Documentation Update,4,10174,Update project documentation to reflect recent changes and features.
beta_1004,sprint_beta_73,Profile Picture Upload,3,10128,Allow users to upload and manage profile pictures.
beta_1005,sprint_beta_73,Notification Center Enhancement,2,10142,Improve notification center UI and functionality.
beta_1006,sprint_beta_73,Integration Testing,4,10142,Conduct thorough integration testing to ensure seamless feature integration.
beta_1007,sprint_beta_74,Data Visualization Module,3,10157,Integrate data visualization module for presenting complex data in a visually appealing manner.
beta_1008,sprint_beta_74,Performance Monitoring Tool,2,10157,Implement performance monitoring tool to track system performance metrics.
beta_1009,sprint_beta_74,User Feedback Collection,4,10104,Collect user feedback through surveys and feedback forms for system improvements.
beta_1010,sprint_beta_75,File Sharing Feature,3,10157,Enable users to share files securely with other users on the platform.
beta_1011,sprint_beta_75,Integration with Third-party APIs,2,10142,Integrate with third-party APIs for additional features and services.
beta_1012,sprint_beta_75,Code Review Tool Integration,4,10128,Integrate code review tool for streamlined code review process.
beta_1013,sprint_beta_76,Multi-language Support,3,10134,Implement support for multiple languages to cater to a global user base.
beta_1014,sprint_beta_76,Accessibility Improvements,2,10157,Improve accessibility features for users with disabilities.
beta_1015,sprint_beta_76,Database Backup Automation,4,10128,Automate database backup process for data safety and disaster recovery.
theta_1001,sprint_theta_59,Feature 1,3,10142,Description for feature 1 in sprint theta_59.
theta_1002,sprint_theta_59,Feature 2,4,10157,Description for feature 2 in sprint theta_59.
theta_1003,sprint_theta_59,Feature 3,2,10128,Description for feature 3 in sprint theta_59.